method,path,router,function,access_type,identity_dependency,permission,ownership,actor,public_intentional,test_401,test_403,test_ownership,finding
GET,/,root,root,public_intentional,none,,,anonymous,yes,not_applicable,not_applicable,not_applicable,
GET,/api/activity/attachments/{attachment_id}/download,activity,download_attachment,authenticated_permission,access_jwt,activity.read,,internal_user,no,required,required,not_applicable,AUD-001/AUD-011
GET,/api/activity/attachments/{attachment_id}/preview,activity,preview_attachment,authenticated_permission,access_jwt,activity.read,,internal_user,no,required,required,not_applicable,AUD-001/AUD-011
POST,/api/activity/attention/{attention_id}/resolve,activity,post_attention_resolve,authenticated_permission,access_jwt,activity.read,,internal_user,no,required,required,not_applicable,AUD-001/AUD-011
GET,/api/activity/entities,activity,get_entities,authenticated_permission,access_jwt,activity.read,,internal_user,no,required,required,not_applicable,AUD-001/AUD-011
GET,/api/activity/inbox,activity,get_inbox,authenticated_permission,access_jwt,activity.read,,internal_user,no,required,required,not_applicable,AUD-001/AUD-011
GET,/api/activity/mentionable-users,activity,get_mentionable_users,authenticated_permission,access_jwt,activity.read,,internal_user,no,required,required,not_applicable,AUD-001/AUD-011
DELETE,/api/activity/messages/{message_id},activity,delete_message,authenticated_permission,access_jwt,activity.read,,internal_user,no,required,required,not_applicable,AUD-001/AUD-011
PATCH,/api/activity/messages/{message_id},activity,patch_message,authenticated_permission,access_jwt,activity.read,,internal_user,no,required,required,not_applicable,AUD-001/AUD-011
POST,/api/activity/messages/{message_id}/attachments,activity,post_attachment,authenticated_permission,access_jwt,activity.read,,internal_user,no,required,required,not_applicable,AUD-001/AUD-011
POST,/api/activity/messages/{message_id}/attention,activity,post_attention,authenticated_permission,access_jwt,activity.read,,internal_user,no,required,required,not_applicable,AUD-001/AUD-011
POST,/api/activity/messages/{message_id}/withdraw,activity,post_withdraw_compatibility,authenticated_permission,access_jwt,activity.read,,internal_user,no,required,required,not_applicable,AUD-001/AUD-011
GET,/api/activity/resolution-target/{public_id},activity,get_resolution_target,authenticated_permission,access_jwt,activity.read,,internal_user,no,required,required,not_applicable,AUD-001/AUD-011
GET,/api/activity/{entity_type}/{entity_id},activity,get_entity_activity,authenticated_permission,access_jwt,activity.read,,internal_user,no,required,required,not_applicable,AUD-001/AUD-011
POST,/api/activity/{entity_type}/{entity_id}/messages,activity,post_message,authenticated_permission,access_jwt,activity.read,,internal_user,no,required,required,not_applicable,AUD-001/AUD-011
POST,/api/activity/{entity_type}/{entity_id}/read,activity,post_entity_read,authenticated_permission,access_jwt,activity.read,,internal_user,no,required,required,not_applicable,AUD-001/AUD-011
GET,/api/audit-logs,audit_logs,get_audit_logs,administrative,access_jwt,audit_logs.read,,internal_user,no,required,required,not_applicable,AUD-001/AUD-011
POST,/api/auth/login,auth,login,public_intentional,none,,,anonymous,yes,not_applicable,not_applicable,not_applicable,
GET,/api/auth/me,auth,me,authenticated,access_jwt,,,internal_user,no,required,not_applicable,not_applicable,
POST,/api/auth/refresh,auth,refresh,public_intentional,none,,,anonymous,yes,not_applicable,not_applicable,not_applicable,
POST,/api/auth/register,auth,register,public_intentional,none,,,anonymous,yes,not_applicable,not_applicable,not_applicable,
GET,/api/auth/registration-status,auth,get_registration_status,public_intentional,none,,,anonymous,yes,not_applicable,not_applicable,not_applicable,
GET,/api/calibration-procedures,calibration-procedures,get_calibration_procedures,authenticated_permission,access_jwt,procedures.read,,internal_user,no,required,required,not_applicable,AUD-001/AUD-011
POST,/api/calibration-procedures,calibration-procedures,post_calibration_procedure,authenticated_permission,access_jwt,procedures.create,,internal_user,no,required,required,not_applicable,AUD-001/AUD-011
DELETE,/api/calibration-procedures/{procedure_id},calibration-procedures,delete_calibration_procedure,authenticated_permission,access_jwt,procedures.delete,,internal_user,no,required,required,not_applicable,AUD-001/AUD-011
GET,/api/calibration-procedures/{procedure_id},calibration-procedures,get_calibration_procedure_by_id,authenticated_permission,access_jwt,procedures.read,,internal_user,no,required,required,not_applicable,AUD-001/AUD-011
PATCH,/api/calibration-procedures/{procedure_id},calibration-procedures,patch_calibration_procedure,authenticated_permission,access_jwt,procedures.update,,internal_user,no,required,required,not_applicable,AUD-001/AUD-011
GET,/api/catalog-items,catalog-items,get_catalog_items,authenticated_permission,access_jwt,catalog_items.read,,internal_user,no,required,required,not_applicable,AUD-001/AUD-011
POST,/api/catalog-items,catalog-items,post_catalog_item,authenticated_permission,access_jwt,catalog_items.create,,internal_user,no,required,required,not_applicable,AUD-001/AUD-011
GET,/api/catalog-items/linked-companies,catalog-items,get_linked_companies,authenticated_permission,access_jwt,catalog_items.read,,internal_user,no,required,required,not_applicable,AUD-001/AUD-011
POST,/api/catalog-items/linked-companies,catalog-items,post_linked_company,authenticated_permission,access_jwt,services.manage_linked_company,,internal_user,no,required,required,not_applicable,AUD-001/AUD-011
DELETE,/api/catalog-items/{catalog_item_id},catalog-items,delete_catalog_item_by_id,authenticated_permission,access_jwt,catalog_items.delete,,internal_user,no,required,required,not_applicable,AUD-001/AUD-011
GET,/api/catalog-items/{catalog_item_id},catalog-items,get_catalog_item_by_id,authenticated_permission,access_jwt,catalog_items.read,,internal_user,no,required,required,not_applicable,AUD-001/AUD-011
PATCH,/api/catalog-items/{catalog_item_id},catalog-items,patch_catalog_item,authenticated_permission,access_jwt,catalog_items.update,,internal_user,no,required,required,not_applicable,AUD-001/AUD-011
GET,/api/certificates,certificates,get_certificates,authenticated_permission,access_jwt,certificates.read,,internal_user,no,required,required,not_applicable,AUD-001/AUD-011
POST,/api/certificates,certificates,post_certificate,authenticated_permission,access_jwt,certificates.create,,internal_user,no,required,required,not_applicable,AUD-001/AUD-011
GET,/api/certificates/capture-master-readiness,certificates,get_capture_master_readiness_list,authenticated_permission,access_jwt,certificates.read,,internal_user,no,required,required,not_applicable,AUD-001/AUD-011
GET,/api/certificates/release-readiness/{service_order_id},certificates,certificate_release_readiness,authenticated_permission,access_jwt,certificates.read,,internal_user,no,required,required,not_applicable,AUD-001/AUD-011
DELETE,/api/certificates/{certificate_id},certificates,delete_certificate,authenticated_permission,access_jwt,certificates.create,,internal_user,no,required,required,not_applicable,AUD-001/AUD-011
GET,/api/certificates/{certificate_id},certificates,get_certificate_by_id,authenticated_permission,access_jwt,certificates.read,,internal_user,no,required,required,not_applicable,AUD-001/AUD-011
PATCH,/api/certificates/{certificate_id},certificates,patch_certificate,authenticated_permission,access_jwt,certificates.capture,,internal_user,no,required,required,not_applicable,AUD-001/AUD-011
POST,/api/certificates/{certificate_id}/approve,certificates,approve_certificate,authenticated_permission,access_jwt,certificates.approve,,internal_user,no,required,required,not_applicable,AUD-001/AUD-011
POST,/api/certificates/{certificate_id}/authenticate,certificates,authenticate_certificate,authenticated_permission,access_jwt,certificates.approve,,internal_user,no,required,required,not_applicable,AUD-001/AUD-011
GET,/api/certificates/{certificate_id}/authenticated-pdf,certificates,get_authenticated_certificate_pdf,authenticated_permission,access_jwt,certificates.read,,internal_user,no,required,required,not_applicable,AUD-001/AUD-011
GET,/api/certificates/{certificate_id}/capture-master,certificates,download_certificate_capture_master,authenticated_permission,access_jwt,certificates.read,,internal_user,no,required,required,not_applicable,AUD-001/AUD-011
POST,/api/certificates/{certificate_id}/draft,certificates,return_certificate_to_draft,authenticated_permission,access_jwt,certificates.capture,,internal_user,no,required,required,not_applicable,AUD-001/AUD-011
POST,/api/certificates/{certificate_id}/generate,certificates,generate_certificate,authenticated_permission,access_jwt,certificates.capture,,internal_user,no,required,required,not_applicable,AUD-001/AUD-011
POST,/api/certificates/{certificate_id}/manual-accept-match,certificates,manual_accept_certificate_match,authenticated_permission,access_jwt,certificates.match_override,,internal_user,no,required,required,not_applicable,AUD-001/AUD-011
GET,/api/certificates/{certificate_id}/original-pdf,certificates,get_original_certificate_pdf,authenticated_permission,access_jwt,certificates.read,,internal_user,no,required,required,not_applicable,AUD-001/AUD-011
POST,/api/certificates/{certificate_id}/quality,certificates,quality_certificate,authenticated_permission,access_jwt,certificates.quality,,internal_user,no,required,required,not_applicable,AUD-001/AUD-011
POST,/api/certificates/{certificate_id}/quality-approve,certificates,quality_approve_certificate,authenticated_permission,access_jwt,certificates.approve,,internal_user,no,required,required,not_applicable,AUD-001/AUD-011
POST,/api/certificates/{certificate_id}/quality-reject,certificates,quality_reject_certificate,authenticated_permission,access_jwt,certificates.quality,,internal_user,no,required,required,not_applicable,AUD-001/AUD-011
POST,/api/certificates/{certificate_id}/release,certificates,release_certificate,authenticated_permission,access_jwt,release.manage,,internal_user,no,required,required,not_applicable,AUD-001/AUD-011
POST,/api/certificates/{certificate_id}/release-to-client,certificates,release_certificate_to_client,authenticated_permission,access_jwt,release.manage,,internal_user,no,required,required,not_applicable,AUD-001/AUD-011
POST,/api/certificates/{certificate_id}/request-correction,certificates,request_certificate_correction,authenticated_permission,access_jwt,certificates.quality,,internal_user,no,required,required,not_applicable,AUD-001/AUD-011
POST,/api/certificates/{certificate_id}/return-to-technician,certificates,return_certificate_to_technician,authenticated_permission,access_jwt,certificates.quality,,internal_user,no,required,required,not_applicable,AUD-001/AUD-011
POST,/api/certificates/{certificate_id}/send-to-quality,certificates,send_certificate_to_quality,authenticated_permission,access_jwt,certificates.capture,,internal_user,no,required,required,not_applicable,AUD-001/AUD-011
POST,/api/certificates/{certificate_id}/start-capture,certificates,start_certificate_capture,authenticated_permission,access_jwt,certificates.capture,,internal_user,no,required,required,not_applicable,AUD-001/AUD-011
POST,/api/certificates/{certificate_id}/suspend,certificates,suspend_certificate,authenticated_permission,access_jwt,certificates.quality,,internal_user,no,required,required,not_applicable,AUD-001/AUD-011
POST,/api/certificates/{certificate_id}/upload-pdf,certificates,upload_certificate_final_pdf,authenticated_permission,access_jwt,certificates.upload_pdf,,internal_user,no,required,required,not_applicable,AUD-001/AUD-011
POST,/api/certificates/{certificate_id}/validate-pdf-match,certificates,validate_certificate_pdf_match_route,authenticated_permission,access_jwt,certificates.capture,,internal_user,no,required,required,not_applicable,AUD-001/AUD-011
GET,/api/client-portal/certificates,client-portal,get_client_portal_certificates,client_portal_ownership,access_jwt+portal_client_context,portal.read,client_id_derived_from_identity,portal_user,no,required,required,required,AUD-002
GET,/api/client-portal/certificates/{certificate_id}/pdf,client-portal,get_client_portal_certificate_pdf,client_portal_ownership,access_jwt+portal_client_context,portal.read,client_id_derived_from_identity,portal_user,no,required,required,required,AUD-002
GET,/api/client-portal/quotations,client-portal,get_client_portal_quotations,client_portal_ownership,access_jwt+portal_client_context,portal.read,client_id_derived_from_identity,portal_user,no,required,required,required,AUD-002
GET,/api/client-portal/service-orders,client-portal,get_client_portal_service_orders,client_portal_ownership,access_jwt+portal_client_context,portal.read,client_id_derived_from_identity,portal_user,no,required,required,required,AUD-002
GET,/api/clients,clients,get_clients,authenticated_permission,access_jwt,clients.read,,internal_user,no,required,required,not_applicable,AUD-001/AUD-011
POST,/api/clients,clients,post_client,authenticated_permission,access_jwt,clients.create,,internal_user,no,required,required,not_applicable,AUD-001/AUD-011
GET,/api/clients/export,clients,export_clients,authenticated_permission,access_jwt,clients.read,,internal_user,no,required,required,not_applicable,AUD-001/AUD-011
POST,/api/clients/import/confirm,clients,confirm_import,authenticated_permission,access_jwt,clients.update,,internal_user,no,required,required,not_applicable,AUD-001/AUD-011
POST,/api/clients/import/preview,clients,preview_import,authenticated_permission,access_jwt,clients.update,,internal_user,no,required,required,not_applicable,AUD-001/AUD-011
POST,/api/clients/tax-constancy/preview,clients,preview_constancy,authenticated_permission,access_jwt,clients.update,,internal_user,no,required,required,not_applicable,AUD-001/AUD-011
DELETE,/api/clients/{client_id},clients,delete_client,authenticated_permission,access_jwt,clients.update,,internal_user,no,required,required,not_applicable,AUD-001/AUD-011
GET,/api/clients/{client_id},clients,get_client_by_id,authenticated_permission,access_jwt,clients.read,,internal_user,no,required,required,not_applicable,AUD-001/AUD-011
PATCH,/api/clients/{client_id},clients,patch_client,authenticated_permission,access_jwt,clients.update,,internal_user,no,required,required,not_applicable,AUD-001/AUD-011
POST,/api/clients/{client_id}/archive,clients,archive_client_by_id,authenticated_permission,access_jwt,clients.update,,internal_user,no,required,required,not_applicable,AUD-001/AUD-011
GET,/api/clients/{client_id}/certificate-profiles,clients,get_certificate_profiles,authenticated_permission,access_jwt,clients.read,,internal_user,no,required,required,not_applicable,AUD-001/AUD-011
POST,/api/clients/{client_id}/certificate-profiles,clients,post_certificate_profile,authenticated_permission,access_jwt,clients.update,,internal_user,no,required,required,not_applicable,AUD-001/AUD-011
DELETE,/api/clients/{client_id}/certificate-profiles/{profile_id},clients,delete_certificate_profile,authenticated_permission,access_jwt,clients.update,,internal_user,no,required,required,not_applicable,AUD-001/AUD-011
PATCH,/api/clients/{client_id}/certificate-profiles/{profile_id},clients,patch_certificate_profile,authenticated_permission,access_jwt,clients.update,,internal_user,no,required,required,not_applicable,AUD-001/AUD-011
GET,/api/clients/{client_id}/delete-eligibility,clients,get_delete_eligibility,authenticated_permission,access_jwt,clients.read,,internal_user,no,required,required,not_applicable,AUD-001/AUD-011
POST,/api/clients/{client_id}/restore,clients,restore_client_by_id,authenticated_permission,access_jwt,clients.update,,internal_user,no,required,required,not_applicable,AUD-001/AUD-011
POST,/api/clients/{client_id}/tax-constancy,clients,post_tax_constancy,authenticated_permission,access_jwt,clients.update,,internal_user,no,required,required,not_applicable,AUD-001/AUD-011
GET,/api/communications/conversations,communications,get_conversations,authenticated_ownership,access_jwt+conversation_context,,conversation_participant,internal_user,no,required,not_applicable,required,
POST,/api/communications/conversations,communications,post_conversation,authenticated_ownership,access_jwt+conversation_context,,conversation_participant,internal_user,no,required,not_applicable,required,
GET,/api/communications/conversations/{conversation_id},communications,get_conversation_detail,authenticated_ownership,access_jwt+conversation_context,,conversation_participant,internal_user,no,required,not_applicable,required,
POST,/api/communications/conversations/{conversation_id}/messages,communications,post_message,authenticated_ownership,access_jwt+conversation_context,,conversation_participant,internal_user,no,required,not_applicable,required,
GET,/api/communications/directory,communications,get_directory,authenticated_ownership,access_jwt+conversation_context,,conversation_participant,internal_user,no,required,not_applicable,required,
GET,/api/developers/resolution-engine,Resolution Engine Public API v1,developer_portal,public_environment_controlled,environment_flag,,,anonymous,yes,not_applicable,not_applicable,not_applicable,AUD-030
GET,/api/document-interpretations,document-interpretations,get_document_interpretations,authenticated_permission,access_jwt,document_interpretations.read,,internal_user,no,required,required,not_applicable,AUD-001/AUD-011
POST,/api/document-interpretations,document-interpretations,post_document_interpretation,authenticated_permission,access_jwt,document_interpretations.create,,internal_user,no,required,required,not_applicable,AUD-001/AUD-011
GET,/api/document-interpretations/{interpretation_id},document-interpretations,get_document_interpretation_by_id,authenticated_permission,access_jwt,document_interpretations.read,,internal_user,no,required,required,not_applicable,AUD-001/AUD-011
PATCH,/api/document-interpretations/{interpretation_id},document-interpretations,patch_document_interpretation,authenticated_permission,access_jwt,document_interpretations.update,,internal_user,no,required,required,not_applicable,AUD-001/AUD-011
POST,/api/document-interpretations/{interpretation_id}/approve,document-interpretations,post_approve_document_interpretation,authenticated_permission,access_jwt,document_interpretations.create,,internal_user,no,required,required,not_applicable,AUD-001/AUD-011
POST,/api/document-interpretations/{interpretation_id}/new-version,document-interpretations,post_document_interpretation_new_version,authenticated_permission,access_jwt,document_interpretations.create,,internal_user,no,required,required,not_applicable,AUD-001/AUD-011
GET,/api/document-templates/quotation,document-templates,get_quotation_template,authenticated_permission,access_jwt,quotations.read,,internal_user,no,required,required,not_applicable,AUD-001/AUD-011
PATCH,/api/document-templates/quotation,document-templates,patch_quotation_template,authenticated_permission,access_jwt,quotations.update,,internal_user,no,required,required,not_applicable,AUD-001/AUD-011
POST,/api/document-templates/quotation/restore-defaults,document-templates,restore_quotation_template,authenticated_permission,access_jwt,quotations.update,,internal_user,no,required,required,not_applicable,AUD-001/AUD-011
GET,/api/documents,documents,get_documents,authenticated_permission,access_jwt,documents.read,,internal_user,no,required,required,not_applicable,AUD-001/AUD-011
POST,/api/documents,documents,post_document,authenticated_permission,access_jwt,documents.create,,internal_user,no,required,required,not_applicable,AUD-001/AUD-011
POST,/api/documents/certificate-masters,documents,post_certificate_master,authenticated_permission,access_jwt,documents.create,,internal_user,no,required,required,not_applicable,AUD-001/AUD-011
GET,/api/documents/{document_id},documents,get_document_by_id,authenticated_permission,access_jwt,documents.read,,internal_user,no,required,required,not_applicable,AUD-001/AUD-011
PATCH,/api/documents/{document_id},documents,patch_document,authenticated_permission,access_jwt,documents.update,,internal_user,no,required,required,not_applicable,AUD-001/AUD-011
PATCH,/api/documents/{document_id}/archive,documents,patch_archive_document,authenticated_permission,access_jwt,documents.update,,internal_user,no,required,required,not_applicable,AUD-001/AUD-011
POST,/api/documents/{document_id}/versions,documents,post_document_version,authenticated_permission,access_jwt,documents.create,,internal_user,no,required,required,not_applicable,AUD-001/AUD-011
POST,/api/documents/{document_id}/versions/{version_id}/activate,documents,post_activate_document_version,authenticated_permission,access_jwt,documents.create,,internal_user,no,required,required,not_applicable,AUD-001/AUD-011
GET,/api/documents/{document_id}/versions/{version_id}/download,documents,download_document_version,authenticated_permission,access_jwt,documents.read,,internal_user,no,required,required,not_applicable,AUD-001/AUD-011
GET,/api/equipment,equipment,get_equipment_list,authenticated_permission,access_jwt,equipment.read,,internal_user,no,required,required,not_applicable,AUD-001/AUD-011
POST,/api/equipment,equipment,post_equipment,authenticated_permission,access_jwt,equipment.create,,internal_user,no,required,required,not_applicable,AUD-001/AUD-011
DELETE,/api/equipment/{equipment_id},equipment,delete_equipment,authenticated_permission,access_jwt,equipment.delete,,internal_user,no,required,required,not_applicable,AUD-001/AUD-011
GET,/api/equipment/{equipment_id},equipment,get_equipment_by_id,authenticated_permission,access_jwt,equipment.read,,internal_user,no,required,required,not_applicable,AUD-001/AUD-011
PATCH,/api/equipment/{equipment_id},equipment,patch_equipment,authenticated_permission,access_jwt,equipment.update,,internal_user,no,required,required,not_applicable,AUD-001/AUD-011
POST,/api/equipment/{equipment_id}/calibrated,equipment,mark_equipment_calibrated,authenticated_permission,access_jwt,equipment.create,,internal_user,no,required,required,not_applicable,AUD-001/AUD-011
POST,/api/equipment/{equipment_id}/labeled,equipment,mark_equipment_labeled,authenticated_permission,access_jwt,equipment.create,,internal_user,no,required,required,not_applicable,AUD-001/AUD-011
POST,/api/equipment/{equipment_id}/not-done,equipment,mark_equipment_not_done,authenticated_permission,access_jwt,equipment.create,,internal_user,no,required,required,not_applicable,AUD-001/AUD-011
POST,/api/equipment/{equipment_id}/realizing,equipment,mark_equipment_realizing,authenticated_permission,access_jwt,equipment.create,,internal_user,no,required,required,not_applicable,AUD-001/AUD-011
GET,/api/field-sheet-templates,Field Sheet Templates,list_templates,authenticated_permission,access_jwt,field_sheet_templates.read,,internal_user,no,required,required,not_applicable,AUD-001/AUD-011
POST,/api/field-sheet-templates,Field Sheet Templates,create_template,authenticated_permission,access_jwt,field_sheet_templates.update,,internal_user,no,required,required,not_applicable,AUD-001/AUD-011
GET,/api/field-sheet-templates/catalog,Field Sheet Templates,get_template_catalog,authenticated_permission,access_jwt,field_sheet_templates.read,,internal_user,no,required,required,not_applicable,AUD-001/AUD-011
POST,/api/field-sheet-templates/import,Field Sheet Templates,import_template,authenticated_permission,access_jwt,field_sheet_templates.update,,internal_user,no,required,required,not_applicable,AUD-001/AUD-011
DELETE,/api/field-sheet-templates/{template_id},Field Sheet Templates,remove_template,authenticated_permission,access_jwt,field_sheet_templates.update,,internal_user,no,required,required,not_applicable,AUD-001/AUD-011
PATCH,/api/field-sheet-templates/{template_id},Field Sheet Templates,patch_template,authenticated_permission,access_jwt,field_sheet_templates.update,,internal_user,no,required,required,not_applicable,AUD-001/AUD-011
POST,/api/field-sheet-templates/{template_id}/activate,Field Sheet Templates,activate_template,authenticated_permission,access_jwt,field_sheet_templates.update,,internal_user,no,required,required,not_applicable,AUD-001/AUD-011
POST,/api/field-sheet-templates/{template_id}/duplicate,Field Sheet Templates,duplicate_template,authenticated_permission,access_jwt,field_sheet_templates.update,,internal_user,no,required,required,not_applicable,AUD-001/AUD-011
GET,/api/field-sheet-templates/{template_id}/export,Field Sheet Templates,export_template,authenticated_permission,access_jwt,field_sheet_templates.read,,internal_user,no,required,required,not_applicable,AUD-001/AUD-011
GET,/api/field-sheet-templates/{template_key},Field Sheet Templates,get_template,authenticated_permission,access_jwt,field_sheet_templates.read,,internal_user,no,required,required,not_applicable,AUD-001/AUD-011
GET,/api/field-sheets,field-sheets,get_field_sheets,authenticated_permission,access_jwt,field_sheets.read,,internal_user,no,required,required,not_applicable,AUD-001/AUD-011
POST,/api/field-sheets,field-sheets,post_field_sheet,authenticated_permission,access_jwt,field_sheets.update,,internal_user,no,required,required,not_applicable,AUD-001/AUD-011
DELETE,/api/field-sheets/{field_sheet_id},field-sheets,delete_field_sheet,authenticated_permission,access_jwt,field_sheets.update,,internal_user,no,required,required,not_applicable,AUD-001/AUD-011
GET,/api/field-sheets/{field_sheet_id},field-sheets,get_field_sheet_by_id,authenticated_permission,access_jwt,field_sheets.read,,internal_user,no,required,required,not_applicable,AUD-001/AUD-011
PATCH,/api/field-sheets/{field_sheet_id},field-sheets,patch_field_sheet,authenticated_permission,access_jwt,field_sheets.update,,internal_user,no,required,required,not_applicable,AUD-001/AUD-011
POST,/api/field-sheets/{field_sheet_id}/complete,field-sheets,complete_field_sheet_route,authenticated_permission,access_jwt,field_sheets.update,,internal_user,no,required,required,not_applicable,AUD-001/AUD-011
GET,/api/field-sheets/{field_sheet_id}/pdf,field-sheets,get_field_sheet_pdf,authenticated_permission,access_jwt,field_sheets.read,,internal_user,no,required,required,not_applicable,AUD-001/AUD-011
POST,/api/field-sheets/{field_sheet_id}/review,field-sheets,review_field_sheet_route,authenticated_permission,access_jwt,field_sheets.update,,internal_user,no,required,required,not_applicable,AUD-001/AUD-011
POST,/api/field-sheets/{field_sheet_id}/suggest-patterns,pattern-selection,post_suggest_field_sheet_patterns,authenticated_permission,access_jwt,pattern_selection.execute,,internal_user,no,required,required,not_applicable,AUD-001/AUD-011
POST,/api/field-sheets/{field_sheet_id}/validate-selected-patterns,pattern-selection,post_validate_field_sheet_patterns,authenticated_permission,access_jwt,pattern_selection.execute,,internal_user,no,required,required,not_applicable,AUD-001/AUD-011
GET,/api/health,health,health_check,public_intentional,none,,,anonymous,yes,not_applicable,not_applicable,not_applicable,
GET,/api/institutional-configuration,institutional-configuration,get_configuration,administrative,access_jwt,settings.institutional.read,,internal_user,no,required,required,not_applicable,AUD-001/AUD-011
PATCH,/api/institutional-configuration,institutional-configuration,patch_configuration,administrative,access_jwt,settings.institutional.update,,internal_user,no,required,required,not_applicable,AUD-001/AUD-011
GET,/api/integrations/facturama/status,integrations,get_facturama_status,authenticated_permission,access_jwt,integrations.facturama.status,,internal_user,no,required,required,not_applicable,AUD-001/AUD-011
GET,/api/invoice-payments,invoices,read_invoice_payments,authenticated_permission,access_jwt,payments.read,,internal_user,no,required,required,not_applicable,AUD-001/AUD-011
GET,/api/invoice-payments/{payment_id},invoices,read_invoice_payment,authenticated_permission,access_jwt,payments.read,,internal_user,no,required,required,not_applicable,AUD-001/AUD-011
GET,/api/invoice-payments/{payment_id}/receipt-pdf,invoices,payment_receipt_pdf,authenticated_permission,access_jwt,payments.read,,internal_user,no,required,required,not_applicable,AUD-001/AUD-011
GET,/api/invoice-settings,invoices,read_invoice_settings,authenticated_permission,access_jwt,invoices.read,,internal_user,no,required,required,not_applicable,AUD-001/AUD-011
PATCH,/api/invoice-settings,invoices,patch_invoice_settings,authenticated_permission,access_jwt,invoices.manage,,internal_user,no,required,required,not_applicable,AUD-001/AUD-011
GET,/api/invoices,invoices,read_invoices,authenticated_permission,access_jwt,invoices.read,,internal_user,no,required,required,not_applicable,AUD-001/AUD-011
POST,/api/invoices,invoices,create_invoice_route,authenticated_permission,access_jwt,invoices.manage,,internal_user,no,required,required,not_applicable,AUD-001/AUD-011
GET,/api/invoices/accounts-receivable,invoices,accounts_receivable,authenticated_permission,access_jwt,invoices.read,,internal_user,no,required,required,not_applicable,AUD-001/AUD-011
GET,/api/invoices/dashboard,invoices,invoice_dashboard,authenticated_permission,access_jwt,invoices.read,,internal_user,no,required,required,not_applicable,AUD-001/AUD-011
GET,/api/invoices/released-uninvoiced,invoices,released_uninvoiced,authenticated_permission,access_jwt,invoices.read,,internal_user,no,required,required,not_applicable,AUD-001/AUD-011
GET,/api/invoices/{invoice_id},invoices,read_invoice,authenticated_permission,access_jwt,invoices.read,,internal_user,no,required,required,not_applicable,AUD-001/AUD-011
PATCH,/api/invoices/{invoice_id},invoices,update_invoice_route,authenticated_permission,access_jwt,invoices.manage,,internal_user,no,required,required,not_applicable,AUD-001/AUD-011
PUT,/api/invoices/{invoice_id},invoices,update_invoice_route,authenticated_permission,access_jwt,invoices.manage,,internal_user,no,required,required,not_applicable,AUD-001/AUD-011
POST,/api/invoices/{invoice_id}/confirm-review,invoices,confirm_invoice_review_route,authenticated_permission,access_jwt,invoices.manage,,internal_user,no,required,required,not_applicable,AUD-001/AUD-011
POST,/api/invoices/{invoice_id}/credit-notes,invoices,create_credit_note_route,authenticated_permission,access_jwt,invoices.manage,,internal_user,no,required,required,not_applicable,AUD-001/AUD-011
POST,/api/invoices/{invoice_id}/facturama-documents/recover,invoices,recover_facturama_documents_route,authenticated_permission,access_jwt,invoices.manage,,internal_user,no,required,required,not_applicable,AUD-001/AUD-011
GET,/api/invoices/{invoice_id}/facturama-documents/{kind},invoices,facturama_document_route,authenticated_permission,access_jwt,invoices.read,,internal_user,no,required,required,not_applicable,AUD-001/AUD-011
GET,/api/invoices/{invoice_id}/fiscal-xml,invoices,invoice_fiscal_xml,authenticated_permission,access_jwt,invoices.read,,internal_user,no,required,required,not_applicable,AUD-001/AUD-011
GET,/api/invoices/{invoice_id}/institutional-pdf,invoices,institutional_invoice_pdf,authenticated_permission,access_jwt,invoices.read,,internal_user,no,required,required,not_applicable,AUD-001/AUD-011
POST,/api/invoices/{invoice_id}/issue,invoices,issue_invoice_route,authenticated_permission,access_jwt,invoices.manage,,internal_user,no,required,required,not_applicable,AUD-001/AUD-011
POST,/api/invoices/{invoice_id}/payments,invoices,register_payment_route,authenticated_permission,access_jwt,payments.manage,,internal_user,no,required,required,not_applicable,AUD-001/AUD-011
POST,/api/invoices/{invoice_id}/reconcile,invoices,reconcile_invoice_route,authenticated_permission,access_jwt,invoices.manage,,internal_user,no,required,required,not_applicable,AUD-001/AUD-011
POST,/api/invoices/{invoice_id}/source-change,invoices,invoice_source_change_route,authenticated_permission,access_jwt,invoices.manage,,internal_user,no,required,required,not_applicable,AUD-001/AUD-011
POST,/api/invoices/{invoice_id}/status,invoices,change_status_route,authenticated_permission,access_jwt,invoices.manage,,internal_user,no,required,required,not_applicable,AUD-001/AUD-011
POST,/api/metrology/calculate-preview,metrology,post_calculate_preview,authenticated_permission,access_jwt,metrology.execute,,internal_user,no,required,required,not_applicable,AUD-001/AUD-011
GET,/api/metrology/profiles,metrology,get_profiles,authenticated_permission,access_jwt,metrology.execute,,internal_user,no,required,required,not_applicable,AUD-001/AUD-011
GET,/api/modules,modules,get_modules,authenticated,access_jwt,,,internal_user,no,required,not_applicable,not_applicable,
GET,/api/notifications,notifications,get_notifications,authenticated,access_jwt,,,internal_user,no,required,not_applicable,not_applicable,
POST,/api/notifications/read-all,notifications,post_notifications_read_all,authenticated,access_jwt,,,internal_user,no,required,not_applicable,not_applicable,
GET,/api/notifications/unread-count,notifications,get_notifications_unread_count,authenticated,access_jwt,,,internal_user,no,required,not_applicable,not_applicable,
POST,/api/notifications/{notification_id}/read,notifications,post_notification_read,authenticated,access_jwt,,,internal_user,no,required,not_applicable,not_applicable,
POST,/api/operational-engines/calculation,operational-engines,post_calculation,authenticated_permission,access_jwt,operational_engines.execute,,internal_user,no,required,required,not_applicable,AUD-001/AUD-011
GET,/api/operational-engines/certificates/{certificate_id}/label,operational-engines,get_label_payload,authenticated_permission,access_jwt,operational_engines.execute,,internal_user,no,required,required,not_applicable,AUD-001/AUD-011
GET,/api/operational-engines/field-sheets/{field_sheet_id}/document-selection,operational-engines,get_document_selection,authenticated_permission,access_jwt,operational_engines.execute,,internal_user,no,required,required,not_applicable,AUD-001/AUD-011
POST,/api/operational-engines/field-sheets/{field_sheet_id}/prepare-certificate,operational-engines,post_prepare_certificate,authenticated_permission,access_jwt,operational_engines.execute,,internal_user,no,required,required,not_applicable,AUD-001/AUD-011
GET,/api/operational-engines/field-sheets/{field_sheet_id}/technical-capture,operational-engines,get_technical_capture,authenticated_permission,access_jwt,operational_engines.execute,,internal_user,no,required,required,not_applicable,AUD-001/AUD-011
POST,/api/operational-engines/field-sheets/{field_sheet_id}/validate-standards,operational-engines,post_validate_standards,authenticated_permission,access_jwt,operational_engines.execute,,internal_user,no,required,required,not_applicable,AUD-001/AUD-011
GET,/api/operational-engines/flow,operational-engines,get_operational_flow,authenticated_permission,access_jwt,operational_engines.execute,,internal_user,no,required,required,not_applicable,AUD-001/AUD-011
POST,/api/operational-engines/folios/certificates/suggest,operational-engines,post_suggest_certificate_folio,authenticated_permission,access_jwt,operational_engines.execute,,internal_user,no,required,required,not_applicable,AUD-001/AUD-011
POST,/api/pattern-selection/candidates,pattern-selection,post_pattern_selection_candidates,authenticated_permission,access_jwt,pattern_selection.execute,,internal_user,no,required,required,not_applicable,AUD-001/AUD-011
GET,/api/public/resolution-engine/v1/capabilities,Resolution Engine Public API v1,capabilities,resolution_engine_consumer,consumer_context,,organization_id,api_consumer,yes,required,not_applicable,required,
GET,/api/public/resolution-engine/v1/resolutions,Resolution Engine Public API v1,list_resolutions,resolution_engine_consumer,consumer_context,,organization_id,api_consumer,yes,required,not_applicable,required,
POST,/api/public/resolution-engine/v1/resolutions,Resolution Engine Public API v1,create_resolution,resolution_engine_consumer,consumer_context,,organization_id,api_consumer,yes,required,not_applicable,required,
GET,/api/public/resolution-engine/v1/resolutions/{resolution_id},Resolution Engine Public API v1,get_resolution,resolution_engine_consumer,consumer_context,,organization_id,api_consumer,yes,required,not_applicable,required,
GET,/api/quotation-service-exceptions,sales-exceptions,get_requests,authenticated_permission,access_jwt,quotations.exceptions.inspect,,internal_user,no,required,required,not_applicable,AUD-001/AUD-011
POST,/api/quotation-service-exceptions/quotations/{quotation_folio},sales-exceptions,post_request,authenticated_permission,access_jwt,quotations.exceptions.inspect,,internal_user,no,required,required,not_applicable,AUD-001/AUD-011
GET,/api/quotation-service-exceptions/quotations/{quotation_folio}/context,sales-exceptions,get_quotation_context,authenticated_permission,access_jwt,quotations.exceptions.inspect,,internal_user,no,required,required,not_applicable,AUD-001/AUD-011
POST,/api/quotation-service-exceptions/{exception_folio}/apply,sales-exceptions,post_apply,authenticated_permission,access_jwt,quotations.exceptions.inspect,,internal_user,no,required,required,not_applicable,AUD-001/AUD-011
POST,/api/quotation-service-exceptions/{exception_folio}/preview,sales-exceptions,post_preview,authenticated_permission,access_jwt,quotations.exceptions.inspect,,internal_user,no,required,required,not_applicable,AUD-001/AUD-011
POST,/api/quotation-service-exceptions/{exception_folio}/review,sales-exceptions,post_review,authenticated_permission,access_jwt,quotations.exceptions.inspect,,internal_user,no,required,required,not_applicable,AUD-001/AUD-011
GET,/api/quotations,quotations,get_quotations,authenticated_permission,access_jwt,quotations.read,,internal_user,no,required,required,not_applicable,AUD-001/AUD-011
POST,/api/quotations,quotations,post_quotation,authenticated_permission,access_jwt,quotations.create,,internal_user,no,required,required,not_applicable,AUD-001/AUD-011
DELETE,/api/quotations/{quotation_id},quotations,delete_quotation,authenticated_permission,access_jwt,quotations.update,,internal_user,no,required,required,not_applicable,AUD-001/AUD-011
GET,/api/quotations/{quotation_id},quotations,get_quotation_by_id,authenticated_permission,access_jwt,quotations.read,,internal_user,no,required,required,not_applicable,AUD-001/AUD-011
PATCH,/api/quotations/{quotation_id},quotations,patch_quotation,authenticated_permission,access_jwt,quotations.update,,internal_user,no,required,required,not_applicable,AUD-001/AUD-011
POST,/api/quotations/{quotation_id}/accept,quotations,accept_quotation,authenticated_permission,access_jwt,quotations.create,,internal_user,no,required,required,not_applicable,AUD-001/AUD-011
POST,/api/quotations/{quotation_id}/cancel,quotations,cancel_quotation,authenticated_permission,access_jwt,quotations.create,,internal_user,no,required,required,not_applicable,AUD-001/AUD-011
POST,/api/quotations/{quotation_id}/expire,quotations,expire_quotation,authenticated_permission,access_jwt,quotations.create,,internal_user,no,required,required,not_applicable,AUD-001/AUD-011
POST,/api/quotations/{quotation_id}/items,quotations,post_quotation_item,authenticated_permission,access_jwt,quotations.create,,internal_user,no,required,required,not_applicable,AUD-001/AUD-011
DELETE,/api/quotations/{quotation_id}/items/{item_id},quotations,delete_quotation_item,authenticated_permission,access_jwt,quotations.update,,internal_user,no,required,required,not_applicable,AUD-001/AUD-011
PATCH,/api/quotations/{quotation_id}/items/{item_id},quotations,patch_quotation_item,authenticated_permission,access_jwt,quotations.update,,internal_user,no,required,required,not_applicable,AUD-001/AUD-011
GET,/api/quotations/{quotation_id}/pdf,quotations,get_quotation_pdf,authenticated_permission,access_jwt,quotations.read,,internal_user,no,required,required,not_applicable,AUD-001/AUD-011
POST,/api/quotations/{quotation_id}/reject,quotations,reject_quotation,authenticated_permission,access_jwt,quotations.create,,internal_user,no,required,required,not_applicable,AUD-001/AUD-011
POST,/api/quotations/{quotation_id}/send,quotations,send_quotation,authenticated_permission,access_jwt,quotations.create,,internal_user,no,required,required,not_applicable,AUD-001/AUD-011
GET,/api/quotations/{quotation_id}/snapshots,quotations,get_quotation_snapshots,authenticated_permission,access_jwt,quotations.read,,internal_user,no,required,required,not_applicable,AUD-001/AUD-011
POST,/api/quotations/{quotation_id}/snapshots/restore,quotations,restore_quotation_version,authenticated_permission,access_jwt,quotations.create,,internal_user,no,required,required,not_applicable,AUD-001/AUD-011
POST,/api/quotations/{quotation_id}/waiting,quotations,mark_quotation_waiting,authenticated_permission,access_jwt,quotations.create,,internal_user,no,required,required,not_applicable,AUD-001/AUD-011
GET,/api/reference-standard-certificates,reference-standard-certificates,get_reference_standard_certificates,authenticated_permission,access_jwt,reference_standard_certificates.read,,internal_user,no,required,required,not_applicable,AUD-001/AUD-011
DELETE,/api/reference-standard-certificates/uncertainties/{uncertainty_id},reference-standard-certificates,delete_reference_standard_certificate_uncertainty,authenticated_permission,access_jwt,reference_standard_certificates.delete,,internal_user,no,required,required,not_applicable,AUD-001/AUD-011
PATCH,/api/reference-standard-certificates/uncertainties/{uncertainty_id},reference-standard-certificates,patch_reference_standard_certificate_uncertainty,authenticated_permission,access_jwt,reference_standard_certificates.update,,internal_user,no,required,required,not_applicable,AUD-001/AUD-011
GET,/api/reference-standard-certificates/{certificate_id},reference-standard-certificates,get_reference_standard_certificate_by_id,authenticated_permission,access_jwt,reference_standard_certificates.read,,internal_user,no,required,required,not_applicable,AUD-001/AUD-011
PATCH,/api/reference-standard-certificates/{certificate_id},reference-standard-certificates,patch_reference_standard_certificate,authenticated_permission,access_jwt,reference_standard_certificates.update,,internal_user,no,required,required,not_applicable,AUD-001/AUD-011
POST,/api/reference-standard-certificates/{certificate_id}/activate,reference-standard-certificates,post_activate_reference_standard_certificate,authenticated_permission,access_jwt,reference_standard_certificates.create,,internal_user,no,required,required,not_applicable,AUD-001/AUD-011
POST,/api/reference-standard-certificates/{certificate_id}/suspend,reference-standard-certificates,post_suspend_reference_standard_certificate,authenticated_permission,access_jwt,reference_standard_certificates.create,,internal_user,no,required,required,not_applicable,AUD-001/AUD-011
POST,/api/reference-standard-certificates/{certificate_id}/uncertainties,reference-standard-certificates,post_reference_standard_certificate_uncertainty,authenticated_permission,access_jwt,reference_standard_certificates.create,,internal_user,no,required,required,not_applicable,AUD-001/AUD-011
GET,/api/reference-standards,reference-standards,get_reference_standards,authenticated_permission,access_jwt,standards.read,,internal_user,no,required,required,not_applicable,AUD-001/AUD-011
POST,/api/reference-standards,reference-standards,post_reference_standard,authenticated_permission,access_jwt,standards.create,,internal_user,no,required,required,not_applicable,AUD-001/AUD-011
DELETE,/api/reference-standards/{standard_id},reference-standards,delete_reference_standard,authenticated_permission,access_jwt,standards.delete,,internal_user,no,required,required,not_applicable,AUD-001/AUD-011
GET,/api/reference-standards/{standard_id},reference-standards,get_reference_standard_by_id,authenticated_permission,access_jwt,standards.read,,internal_user,no,required,required,not_applicable,AUD-001/AUD-011
PATCH,/api/reference-standards/{standard_id},reference-standards,patch_reference_standard,authenticated_permission,access_jwt,standards.update,,internal_user,no,required,required,not_applicable,AUD-001/AUD-011
POST,/api/reference-standards/{standard_id}/certificates,reference-standard-certificates,post_reference_standard_certificate,authenticated_permission,access_jwt,reference_standard_certificates.create,,internal_user,no,required,required,not_applicable,AUD-001/AUD-011
POST,/api/reference-standards/{standard_id}/uncertainties,reference-standards,post_reference_standard_uncertainty,authenticated_permission,access_jwt,standards.create,,internal_user,no,required,required,not_applicable,AUD-001/AUD-011
DELETE,/api/reference-standards/{standard_id}/uncertainties/{uncertainty_id},reference-standards,delete_reference_standard_uncertainty,authenticated_permission,access_jwt,standards.delete,,internal_user,no,required,required,not_applicable,AUD-001/AUD-011
PATCH,/api/reference-standards/{standard_id}/uncertainties/{uncertainty_id},reference-standards,patch_reference_standard_uncertainty,authenticated_permission,access_jwt,standards.update,,internal_user,no,required,required,not_applicable,AUD-001/AUD-011
GET,/api/resolution-center/v1/capabilities,resolution-center,capabilities,authenticated_permission,access_jwt,resolution_center.read,,internal_user,no,required,required,not_applicable,AUD-001/AUD-011
GET,/api/resolution-center/v1/definitions,resolution-center,definitions,authenticated_permission,access_jwt,resolution_center.read,,internal_user,no,required,required,not_applicable,AUD-001/AUD-011
GET,/api/resolution-center/v1/indicators,resolution-center,indicators,authenticated_permission,access_jwt,resolution_center.read,,internal_user,no,required,required,not_applicable,AUD-001/AUD-011
GET,/api/resolution-center/v1/resolutions,resolution-center,list_resolutions,authenticated_permission,access_jwt,resolution_center.read,,internal_user,no,required,required,not_applicable,AUD-001/AUD-011
POST,/api/resolution-center/v1/resolutions,resolution-center,create_resolution,authenticated_permission,access_jwt,resolution_center.read,,internal_user,no,required,required,not_applicable,AUD-001/AUD-011
GET,/api/resolution-center/v1/resolutions/{public_id},resolution-center,get_resolution,authenticated_permission,access_jwt,resolution_center.read,,internal_user,no,required,required,not_applicable,AUD-001/AUD-011
POST,/api/resolution-center/v1/resolutions/{public_id}/analyze,resolution-center,analyze,authenticated_permission,access_jwt,resolution_center.read,,internal_user,no,required,required,not_applicable,AUD-001/AUD-011
POST,/api/resolution-center/v1/resolutions/{public_id}/authorize,resolution-center,authorize,authenticated_permission,access_jwt,resolution_center.read,,internal_user,no,required,required,not_applicable,AUD-001/AUD-011
POST,/api/resolution-center/v1/resolutions/{public_id}/build-plan,resolution-center,build_plan,authenticated_permission,access_jwt,resolution_center.read,,internal_user,no,required,required,not_applicable,AUD-001/AUD-011
POST,/api/resolution-center/v1/resolutions/{public_id}/execute,resolution-center,execute,authenticated_permission,access_jwt,resolution_center.read,,internal_user,no,required,required,not_applicable,AUD-001/AUD-011
POST,/api/resolution-center/v1/resolutions/{public_id}/prepare-context,resolution-center,prepare_context,authenticated_permission,access_jwt,resolution_center.read,,internal_user,no,required,required,not_applicable,AUD-001/AUD-011
POST,/api/resolution-center/v1/resolutions/{public_id}/simulate,resolution-center,simulate,authenticated_permission,access_jwt,resolution_center.read,,internal_user,no,required,required,not_applicable,AUD-001/AUD-011
GET,/api/resolution-center/v1/resolutions/{public_id}/timeline,resolution-center,get_timeline,authenticated_permission,access_jwt,resolution_center.read,,internal_user,no,required,required,not_applicable,AUD-001/AUD-011
GET,/api/sat-catalogs,sat-catalogs,read_sat_catalogs,authenticated_permission,access_jwt,sat_catalogs.read,,internal_user,no,required,required,not_applicable,AUD-001/AUD-011
DELETE,/api/sat-catalogs/aliases/{alias_id},sat-catalogs,remove_alias,authenticated_permission,access_jwt,sat_catalogs.manage,,internal_user,no,required,required,not_applicable,AUD-001/AUD-011
GET,/api/sat-catalogs/records/{record_id}/aliases,sat-catalogs,read_aliases,authenticated_permission,access_jwt,sat_catalogs.read,,internal_user,no,required,required,not_applicable,AUD-001/AUD-011
POST,/api/sat-catalogs/records/{record_id}/aliases,sat-catalogs,create_alias,authenticated_permission,access_jwt,sat_catalogs.manage,,internal_user,no,required,required,not_applicable,AUD-001/AUD-011
DELETE,/api/sat-catalogs/records/{record_id}/favorite,sat-catalogs,delete_favorite,authenticated_permission,access_jwt,sat_catalogs.manage,,internal_user,no,required,required,not_applicable,AUD-001/AUD-011
POST,/api/sat-catalogs/records/{record_id}/favorite,sat-catalogs,create_favorite,authenticated_permission,access_jwt,sat_catalogs.manage,,internal_user,no,required,required,not_applicable,AUD-001/AUD-011
GET,/api/sat-catalogs/{catalog_code}/records,sat-catalogs,read_sat_catalog_records,authenticated_permission,access_jwt,sat_catalogs.read,,internal_user,no,required,required,not_applicable,AUD-001/AUD-011
GET,/api/sat-catalogs/{catalog_code}/versions,sat-catalogs,read_sat_catalog_versions,authenticated_permission,access_jwt,sat_catalogs.read,,internal_user,no,required,required,not_applicable,AUD-001/AUD-011
GET,/api/service-orders,service-orders,get_service_orders,authenticated_permission,access_jwt,service_orders.read,,internal_user,no,required,required,not_applicable,AUD-001/AUD-011
POST,/api/service-orders,service-orders,post_service_order,authenticated_permission,access_jwt,service_orders.create,,internal_user,no,required,required,not_applicable,AUD-001/AUD-011
GET,/api/service-orders/work-orders/{work_order_id}/pdf,service-orders,get_service_work_order_pdf,authenticated_permission,access_jwt,service_orders.read,,internal_user,no,required,required,not_applicable,AUD-001/AUD-011
DELETE,/api/service-orders/{service_order_id},service-orders,delete_service_order,authenticated_permission,access_jwt,service_orders.update,,internal_user,no,required,required,not_applicable,AUD-001/AUD-011
GET,/api/service-orders/{service_order_id},service-orders,get_service_order_by_id,authenticated_permission,access_jwt,service_orders.read,,internal_user,no,required,required,not_applicable,AUD-001/AUD-011
PATCH,/api/service-orders/{service_order_id},service-orders,patch_service_order,authenticated_permission,access_jwt,service_orders.update,,internal_user,no,required,required,not_applicable,AUD-001/AUD-011
POST,/api/service-orders/{service_order_id}/call,service-orders,call_service_order,authenticated_permission,access_jwt,service_orders.update,,internal_user,no,required,required,not_applicable,AUD-001/AUD-011
POST,/api/service-orders/{service_order_id}/capture,service-orders,capture_service_order,authenticated_permission,access_jwt,service_orders.update,,internal_user,no,required,required,not_applicable,AUD-001/AUD-011
GET,/api/service-orders/{service_order_id}/capture-files,service-orders,get_capture_files,authenticated_permission,access_jwt,certificates.read,,internal_user,no,required,required,not_applicable,AUD-001/AUD-011
POST,/api/service-orders/{service_order_id}/capture-files,service-orders,post_capture_files,authenticated_permission,access_jwt,certificates.upload_pdf,,internal_user,no,required,required,not_applicable,AUD-001/AUD-011
GET,/api/service-orders/{service_order_id}/capture-package,service-orders,download_capture_package,authenticated_permission,access_jwt,certificates.read,,internal_user,no,required,required,not_applicable,AUD-001/AUD-011
GET,/api/service-orders/{service_order_id}/capture-package-summary,service-orders,get_capture_package_summary,authenticated_permission,access_jwt,certificates.read,,internal_user,no,required,required,not_applicable,AUD-001/AUD-011
POST,/api/service-orders/{service_order_id}/certificate-pdfs,service-orders,upload_service_order_certificate_pdfs,authenticated_permission,access_jwt,certificates.upload_pdf,,internal_user,no,required,required,not_applicable,AUD-001/AUD-011
POST,/api/service-orders/{service_order_id}/certificates/authenticate-approved,service-orders,authenticate_service_order_certificates,authenticated_permission,access_jwt,certificates.approve,,internal_user,no,required,required,not_applicable,AUD-001/AUD-011
POST,/api/service-orders/{service_order_id}/certificates/release-authenticated,service-orders,release_service_order_certificates,authenticated_permission,access_jwt,release.manage,,internal_user,no,required,required,not_applicable,AUD-001/AUD-011
POST,/api/service-orders/{service_order_id}/close,service-orders,close_service_order_route,authenticated_permission,access_jwt,service_orders.update,,internal_user,no,required,required,not_applicable,AUD-001/AUD-011
POST,/api/service-orders/{service_order_id}/confirm,service-orders,confirm_service_order,authenticated_permission,access_jwt,service_orders.update,,internal_user,no,required,required,not_applicable,AUD-001/AUD-011
POST,/api/service-orders/{service_order_id}/confirm-signatures,service-orders,confirm_service_order_signatures,authenticated_permission,access_jwt,service_orders.sign,,internal_user,no,required,required,not_applicable,AUD-001/AUD-011
POST,/api/service-orders/{service_order_id}/exceptions,service-orders,create_service_order_exception,authenticated_permission,access_jwt,service_orders.update,,internal_user,no,required,required,not_applicable,AUD-001/AUD-011
POST,/api/service-orders/{service_order_id}/pending-payment,service-orders,pending_payment_service_order,authenticated_permission,access_jwt,service_orders.update,,internal_user,no,required,required,not_applicable,AUD-001/AUD-011
POST,/api/service-orders/{service_order_id}/quality,service-orders,quality_service_order,authenticated_permission,access_jwt,service_orders.update,,internal_user,no,required,required,not_applicable,AUD-001/AUD-011
POST,/api/service-orders/{service_order_id}/release,service-orders,release_service_order,authenticated_permission,access_jwt,service_orders.update,,internal_user,no,required,required,not_applicable,AUD-001/AUD-011
POST,/api/service-orders/{service_order_id}/start,service-orders,start_service_order,authenticated_permission,access_jwt,service_orders.update,,internal_user,no,required,required,not_applicable,AUD-001/AUD-011
GET,/api/service-orders/{service_order_id}/work-order-pdf,service-orders,get_service_order_work_order_pdf,authenticated_permission,access_jwt,service_orders.read,,internal_user,no,required,required,not_applicable,AUD-001/AUD-011
GET,/api/service-orders/{service_order_id}/work-orders-pdf,service-orders,get_service_order_work_orders_pdf,authenticated_permission,access_jwt,service_orders.read,,internal_user,no,required,required,not_applicable,AUD-001/AUD-011
GET,/api/service-orders/{service_order_id}/work-orders/{work_order_id}/capture-package,service-orders,download_work_order_capture_package,authenticated_permission,access_jwt,certificates.read,,internal_user,no,required,required,not_applicable,AUD-001/AUD-011
GET,/api/technical-profiles,technical-profiles,get_technical_profiles,authenticated_permission,access_jwt,technical_profiles.read,,internal_user,no,required,required,not_applicable,AUD-001/AUD-011
POST,/api/technical-profiles,technical-profiles,post_technical_profile,authenticated_permission,access_jwt,technical_profiles.create,,internal_user,no,required,required,not_applicable,AUD-001/AUD-011
GET,/api/technical-profiles/resolve,technical-profiles,get_resolved_technical_profile,authenticated_permission,access_jwt,technical_profiles.read,,internal_user,no,required,required,not_applicable,AUD-001/AUD-011
GET,/api/technical-profiles/{profile_id},technical-profiles,get_technical_profile_by_id,authenticated_permission,access_jwt,technical_profiles.read,,internal_user,no,required,required,not_applicable,AUD-001/AUD-011
PATCH,/api/technical-profiles/{profile_id},technical-profiles,patch_technical_profile,authenticated_permission,access_jwt,technical_profiles.update,,internal_user,no,required,required,not_applicable,AUD-001/AUD-011
POST,/api/technical-profiles/{profile_id}/approve,technical-profiles,post_approve_technical_profile,authenticated_permission,access_jwt,technical_profiles.create,,internal_user,no,required,required,not_applicable,AUD-001/AUD-011
POST,/api/technical-profiles/{profile_id}/new-version,technical-profiles,post_technical_profile_new_version,authenticated_permission,access_jwt,technical_profiles.create,,internal_user,no,required,required,not_applicable,AUD-001/AUD-011
DELETE,/api/uncertainty/components/{component_id},uncertainty,delete_uncertainty_component_route,authenticated_permission,access_jwt,uncertainty_models.update,,internal_user,no,required,required,not_applicable,AUD-001/AUD-011
PATCH,/api/uncertainty/components/{component_id},uncertainty,patch_uncertainty_component,authenticated_permission,access_jwt,uncertainty_models.update,,internal_user,no,required,required,not_applicable,AUD-001/AUD-011
GET,/api/uncertainty/exceptions,uncertainty,get_uncertainty_exceptions,authenticated_permission,access_jwt,uncertainty_models.read,,internal_user,no,required,required,not_applicable,AUD-001/AUD-011
POST,/api/uncertainty/exceptions,uncertainty,post_uncertainty_exception,authenticated_permission,access_jwt,uncertainty_models.update,,internal_user,no,required,required,not_applicable,AUD-001/AUD-011
GET,/api/uncertainty/field-sheets/{field_sheet_id}/preview,uncertainty,get_uncertainty_preview,authenticated_permission,access_jwt,uncertainty_models.read,,internal_user,no,required,required,not_applicable,AUD-001/AUD-011
DELETE,/api/uncertainty/formulas/{formula_id},uncertainty,delete_uncertainty_formula_route,authenticated_permission,access_jwt,uncertainty_models.update,,internal_user,no,required,required,not_applicable,AUD-001/AUD-011
PATCH,/api/uncertainty/formulas/{formula_id},uncertainty,patch_uncertainty_formula,authenticated_permission,access_jwt,uncertainty_models.update,,internal_user,no,required,required,not_applicable,AUD-001/AUD-011
GET,/api/uncertainty/model-versions/{version_id},uncertainty,get_uncertainty_model_version_by_id,authenticated_permission,access_jwt,uncertainty_models.read,,internal_user,no,required,required,not_applicable,AUD-001/AUD-011
PATCH,/api/uncertainty/model-versions/{version_id},uncertainty,patch_uncertainty_model_version,authenticated_permission,access_jwt,uncertainty_models.update,,internal_user,no,required,required,not_applicable,AUD-001/AUD-011
POST,/api/uncertainty/model-versions/{version_id}/approve,uncertainty,approve_uncertainty_model_version,authenticated_permission,access_jwt,uncertainty_models.update,,internal_user,no,required,required,not_applicable,AUD-001/AUD-011
POST,/api/uncertainty/model-versions/{version_id}/archive,uncertainty,archive_uncertainty_model_version,authenticated_permission,access_jwt,uncertainty_models.update,,internal_user,no,required,required,not_applicable,AUD-001/AUD-011
POST,/api/uncertainty/model-versions/{version_id}/clone,uncertainty,clone_uncertainty_model_version_route,authenticated_permission,access_jwt,uncertainty_models.update,,internal_user,no,required,required,not_applicable,AUD-001/AUD-011
POST,/api/uncertainty/model-versions/{version_id}/components,uncertainty,post_uncertainty_component,authenticated_permission,access_jwt,uncertainty_models.update,,internal_user,no,required,required,not_applicable,AUD-001/AUD-011
POST,/api/uncertainty/model-versions/{version_id}/formulas,uncertainty,post_uncertainty_formula,authenticated_permission,access_jwt,uncertainty_models.update,,internal_user,no,required,required,not_applicable,AUD-001/AUD-011
POST,/api/uncertainty/model-versions/{version_id}/obsolete,uncertainty,obsolete_uncertainty_model_version,authenticated_permission,access_jwt,uncertainty_models.update,,internal_user,no,required,required,not_applicable,AUD-001/AUD-011
POST,/api/uncertainty/model-versions/{version_id}/submit-review,uncertainty,submit_uncertainty_model_version_review,authenticated_permission,access_jwt,uncertainty_models.update,,internal_user,no,required,required,not_applicable,AUD-001/AUD-011
GET,/api/uncertainty/models,uncertainty,get_uncertainty_models,authenticated_permission,access_jwt,uncertainty_models.read,,internal_user,no,required,required,not_applicable,AUD-001/AUD-011
POST,/api/uncertainty/models,uncertainty,post_uncertainty_model,authenticated_permission,access_jwt,uncertainty_models.update,,internal_user,no,required,required,not_applicable,AUD-001/AUD-011
GET,/api/uncertainty/models/{model_id},uncertainty,get_uncertainty_model_by_id,authenticated_permission,access_jwt,uncertainty_models.read,,internal_user,no,required,required,not_applicable,AUD-001/AUD-011
PATCH,/api/uncertainty/models/{model_id},uncertainty,patch_uncertainty_model,authenticated_permission,access_jwt,uncertainty_models.update,,internal_user,no,required,required,not_applicable,AUD-001/AUD-011
GET,/api/uncertainty/models/{model_id}/versions,uncertainty,get_uncertainty_model_versions,authenticated_permission,access_jwt,uncertainty_models.read,,internal_user,no,required,required,not_applicable,AUD-001/AUD-011
POST,/api/uncertainty/models/{model_id}/versions,uncertainty,post_uncertainty_model_version,authenticated_permission,access_jwt,uncertainty_models.update,,internal_user,no,required,required,not_applicable,AUD-001/AUD-011
GET,/api/users,users,get_users,administrative,access_jwt,users.manage,,internal_user,no,required,required,not_applicable,AUD-001/AUD-011
POST,/api/users,users,post_user_admin,administrative,access_jwt,users.manage,,internal_user,no,required,required,not_applicable,AUD-001/AUD-011
GET,/api/users/roles,users,get_roles,administrative,access_jwt,users.manage,,internal_user,no,required,required,not_applicable,AUD-001/AUD-011
PATCH,/api/users/{user_id},users,patch_user_admin,administrative,access_jwt,users.manage,,internal_user,no,required,required,not_applicable,AUD-001/AUD-011
PATCH,/api/users/{user_id}/roles,users,patch_user_roles,administrative,access_jwt,users.manage,,internal_user,no,required,required,not_applicable,AUD-001/AUD-011
PATCH,/api/users/{user_id}/status,users,patch_user_status,administrative,access_jwt,users.manage,,internal_user,no,required,required,not_applicable,AUD-001/AUD-011
GET,/verify/{authentication_code},verification,verify_certificate,public_signed_token,authentication_code,,,anonymous,yes,not_applicable,not_applicable,not_applicable,
